symbol,lot_size
360ONE,
ABB,
APLAPOLLO,
AUBANK,
ADANIENSOL,
ADANIENT,
ADANIGREEN,
ADANIPORTS,
ABCAPITAL,
ALKEM,
AMBER,
AMBUJACEM,
ANGELONE,
APOLLOHOSP,
ASHOKLEY,
ASIANPAINT,
ASTRAL,
AUROPHARMA,
DMART,
AXISBANK,
BSE,
BAJAJ-AUTO,
BAJFINANCE,
BAJAJFINSV,
BANDHANBNK,
BANKBARODA,
BANKINDIA,
BDL,
BEL,
BHARATFORG,
BHEL,
BPCL,
BHARTIARTL,
BIOCON,
BLUESTARCO,
BOSCHLTD,
BRITANNIA,
CGPOWER,
CANBK,
CDSL,
CHOLAFIN,
CIPLA,
COALINDIA,
COFORGE,
COLPAL,
CAMS,
CONCOR,
CROMPTON,
CUMMINSIND,
CYIENT,
DLF,
DABUR,
DALBHARAT,
DELHIVERY,
DIVISLAB,
DIXON,
DRREDDY,
ETERNAL,
EICHERMOT,
EXIDEIND,
NYKAA,
FORTIS,
GAIL,
GMRAIRPORT,
GLENMARK,
GODREJCP,
GODREJPROP,
GRASIM,
HCLTECH,
HDFCAMC,
HDFCBANK,
HDFCLIFE,
HFCL,
HAVELLS,
HEROMOTOCO,
HINDALCO,
HAL,
HINDPETRO,
HINDUNILVR,
HINDZINC,
POWERINDIA,
HUDCO,
ICICIBANK,
ICICIGI,
ICICIPRULI,
IDFCFIRSTB,
IIFL,
ITC,
INDIANB,
IEX,
IOC,
IRCTC,
IRFC,
IREDA,
IGL,
INDUSTOWER,
INDUSINDBK,
NAUKRI,
INFY,
INOXWIND,
INDIGO,
JINDALSTEL,
JSWENERGY,
JSWSTEEL,
JIOFIN,
JUBLFOOD,
KEI,
KPITTECH,
KALYANKJIL,
KAYNES,
KFINTECH,
KOTAKBANK,
LTF,
LICHSGFIN,
LTIM,
LT,
LAURUSLABS,
LICI,
LODHA,
LUPIN,
M&M,
MANAPPURAM,
MANKIND,
MARICO,
MARUTI,
MFSL,
MAXHEALTH,
MAZDOCK,
MPHASIS,
MCX,
MUTHOOTFIN,
NBCC,
NCC,
NHPC,
NMDC,
NTPC,
NATIONALUM,
NESTLEIND,
NUVAMA,
OBEROIRLTY,
ONGC,
OIL,
PAYTM,
OFSS,
POLICYBZR,
PGEL,
PIIND,
PNBHOUSING,
PAGEIND,
PATANJALI,
PERSISTENT,
PETRONET,
PIDILITIND,
PPLPHARMA,
POLYCAB,
PFC,
POWERGRID,
PRESTIGE,
PNB,
RBLBANK,
RECLTD,
RVNL,
RELIANCE,
SBICARD,
SBILIFE,
SHREECEM,
SRF,
SAMMAANCAP,
MOTHERSON,
SHRIRAMFIN,
SIEMENS,
SOLARINDS,
SONACOMS,
SBIN,
SAIL,
SUNPHARMA,
SUPREMEIND,
SUZLON,
SYNGENE,
TATACONSUM,
TITAGARH,
TVSMOTOR,
TCS,
TATAELXSI,
TMPV,
TATAPOWER,
TATASTEEL,
TATATECH,
TECHM,
FEDERALBNK,
INDHOTEL,
PHOENIXLTD,
TITAN,
TORNTPHARM,
TORNTPOWER,
TRENT,
TIINDIA,
UNOMINDA,
UPL,
ULTRACEMCO,
UNIONBANK,
UNITDSPR,
VBL,
VEDL,
IDEA,
VOLTAS,
WIPRO,
YESBANK,
ZYDUSLIFE,
